<?xml version="1.0" encoding="UTF-8"?>
<project-private xmlns="http://www.netbeans.org/ns/project-private/1">
    <editor-bookmarks xmlns="http://www.netbeans.org/ns/editor-bookmarks/2" lastBookmarkId="0"/>
    <open-files xmlns="http://www.netbeans.org/ns/projectui-open-files/2">
        <group>
            <file>file:/C:/Users/user/OneDrive%20-%20Unesp/Documentos/GitHub/TrabalhoPOO/TrabalhoPOO/src/Interface/Interface.java</file>
            <file>file:/C:/Users/user/OneDrive%20-%20Unesp/Documentos/GitHub/TrabalhoPOO/TrabalhoPOO/src/Interface/Tecnico.java</file>
            <file>file:/C:/Users/user/OneDrive%20-%20Unesp/Documentos/GitHub/TrabalhoPOO/TrabalhoPOO/src/Interface/Departamento.java</file>
        </group>
    </open-files>
</project-private>
